,isEdited,date,review,userName,rating,title,developerResponse
0,False,2021-08-07 14:50:32,"I love the idea behind the app, and having public bikes is a great idea I can get behind. But the app constantly has misinformation about number of available docks or bikes. Just the other night I stopped at a station with ‚Äú2 docks free‚Äù only to find every dock filled and bikes just piling up on the side. Incredibly inconvenient to have to ride a mile away from my destination just to walk back after already getting there.",D Hizzle,3,"Great concept, bad execution",
1,False,2021-07-10 17:57:39,"Absolutely horrible if you want to rely on it as a form of transportation. If you want to take random rides for fun, I guess it‚Äôs fine.  Their bikes are insanely heavy and hard to maneuver. The seats are impossible to adjust. The baskets they have are completely useless so you better not have anything that you need to bring with you. The e bikes are kind of good but same basket issue and you can never find them or their batteries are dead. And then there‚Äôs the issue of the docks. It‚Äôs feast or famine. They either have completely full docks so you can‚Äôt lock up the bike you have or there‚Äôs no bikes available. I tried using it as my commute to work but the complete lack of dependability on their end meant I was either going to be late or I had to use different transport. And then it‚Äôs only financially feasible if you pay for the year which if you only use it occasionally is not worth it. I don‚Äôt understand. I‚Äôve used bike shares in other cities and they are leaps and bounds better than divvy. The bikes actually work, they have decent baskets so if you have a bag to tote it‚Äôs not a problem, you can actually find the bikes and there‚Äôs plenty of docks. Also, be wary of the e bikes because I had a $15 ride recently that was only 5 miles because I happened to be in a higher COL area. Save your money and buy yourself a bike that actually works, take the el, walk, drive. Don‚Äôt use divvy.",consumer with a conscience,1,Use any other mode of transportation,
2,False,2022-06-30 02:53:10,"I‚Äôve been a paid annual member for several years and it seems Divvy is been falling by the wayside. The most pressing issue is that the app incorrectly displays availability of classic and e-bikes at ALL Divvy stations. I went to multiple stations: 1) stated on app 3 e-bikes but station was completely empty, 2) another station 5 classic and 2 e-bikes but just had 2 e-bikes marked for repair and then 3) station also had incorrect availability. This appears to be a systemic issue that has last throughout the day even after reporting it. 

Paying annual members should not have to walk 20-30 minutes to multiple stations just to check to see if there is a bike available. What‚Äôs the point of having an app if it is completely incorrect. Considering this is a public/private partnership, I‚Äôll be reaching out to appropriate city officials for resolution and awareness of this issue, which I‚Äôm sure breeches contractual agreements. Get your act together Divvy!!!",R-Hays,1,App Broken | Availability of Bikes not Synced,
3,False,2020-08-16 13:57:12,"Last year I signed up for a Divvy for all membership and I was nervous to use it it during the pandemic I started using it and gained confidence to bike all over the city, weather its to a friends miles away or a sunrise or sunset and even grocery shopping. The best things is I don‚Äôt need to worry about bike maintenance, it being stolen or lugging it up and down my steps like I would if I had a bike :) At first I didn‚Äôt like being limited to 45 minutes and having to check to see if there were bikes in my area and open docks at my destination, but it is not really an inconvenience and the mobility and adventures I have access to void those inconveniences :)",Ryman2800,5,Divvy is my key to the city.,
4,False,2018-09-09 19:51:51,"I downloaded the app and went to set it up with my info. Apparently you cannot do this. I called to say that when I tried to set up the account it seemed like I could only do it if I signed up for a year. I said I did not want that I just wanted to be able to occasionally use a bike. She said I cannot sign up on line or on the app then. I asked why it says the best way purchase a ride is through the app if you can only use the app if you are signed up with an annual membership. I said I think I am missing something because an annual membership we make purchasing a single ride unnecessary.  I was really trying to understand what I was missing.  I left the phone call still confused, and blown away by how condescending the woman I spoke to was. I am still not sure what the purpose of this app is.",djp270,1,Ultra condescending customer service,
5,False,2020-09-16 17:23:49,"Divvy updated their backend *again* and had to recover my account a second time. This time it could not find my account and never send the verification email. Divvy has been going downhill every since Lyft started operating the service; it‚Äôs clear they want to kneecap the service to get more people to use their ride hailing product

Lyft also disabled third party access from apps like Transit, even though their contract with the city specifically states they must act in ‚Äúgood faith‚Äù with third party developers. Look up the history on this; they did the same thing to CitiBike in New York. Lyft is a scum company that has no interest in improving bike travel in the city. They only care about profits and keeping users within their walled garden Lyft app",aherstein,1,Recent update locked me out,
6,False,2020-06-25 17:15:20,After Lyft and divvy integrated I was u able to use either apps. It is now June and I have been trying to resolve this issue since APRIL!!! Customer service has been completely useless in resolving this issue: the first point of contact is unable to resolve it and has to escalate it to their supervisor (who only they can contact via email). After calling numerous times EACH supervisor has responded with the same copy and paste response (although  I specifically asked the first point of contact to note that it‚Äôs not the case‚Äî- which obviously means they don‚Äôt read all of the notes written). As much as I loved using divvy ‚Äî my relationship with the company will now have to end due to their incompetent customer service.,ByeDivvy,1,Lyft + Divvy made both apps useless,
7,False,2022-09-01 21:05:19,"i‚Äôve gone and walked to three different stations to just get a classic bike. there were multiple at each station but no matter what the bikes were ‚Äúunavailable‚Äù. with no reason or ANYTHING. every single station wouldn‚Äôt allow me to get a classic bike. but of course, all the more expensive electric bikes are available. there‚Äôs no good way to contact customer service and im starting to think the classic bikes are unavailable because they‚Äôre trying to get people to use the electric bikes which would thus give divvy more money. upsetting that i‚Äôve walked like thirty minutes to find a CLASSIC BIKE and was unsuccessful. definitely don‚Äôt think i‚Äôll try divvy again after this happening for the millionth time.",Jddisnucpssidudjf,1,bikes are a scam,
8,False,2019-05-30 21:34:34,"I had the need to use a bike in chicago last weekend.  Somehow ended up getting charged for three rides.  App history shows one ride that went over 30 min.  So, a second ride charge was warranted. When I questioned the third ride, customer service said they would graciously refund the third charge as a ‚Äúone time courtesy‚Äù.  While I appreciated that, I pressed the rep as to what the third charge was for.  She then told me it appeared I had 3 bikes out at the same time.  Pretty hard to do (or even corroborate given my account history that shows a single ride) with one person riding.  

She either lied or their back-end data is in accurate.  

I‚Äôm giving the app a 2star rating as I‚Äôve yet to find a way to see purchase history, credits purchased, or credits available for future use. 

Suggest using app for nothing more than locating stations with bike availability - use the pay kiosks with a card when ready to purchase.",________David__________,2,Poor design.  Customer service lies.,
9,False,2018-12-27 21:59:14,"The app is pretty good but for 2 complaints:
- if a bike is ‚Äúdead‚Äù (red light on) it still appears to count as available. So you might walk to a station that has 4 bikes only to find that all 4 of them are unusable 
- at one point my account was suspended simply because of an expired credit card and I wasn‚Äôt able to do anything through the app to fix it. Not to mention I received no email warning that my account was about to be suspended",a_m_s_c_c,4,Mostly good app,
10,False,2022-07-25 17:51:02,"In the past I‚Äôve had trouble renting citibikes in Chicago with getting codes, stations being down, no availability etc.

This time, the DIVVY app worked great for scanning a bike.  The standard bikes are heavy but easy to use.  I‚Äôm glad you can have them for 3 hrs without returning.

The ebikes were extra $ but well worth it.  All in all the app made for a seamless experience.",Mark20124,5,Love the app and ebikes,
11,False,2018-05-23 02:32:45,"I‚Äôve been waiting for a while for a proper Divvy app. I didn‚Äôt care for Transit at all and Chivvy looks like it was abandoned. It‚Äôs nice to do door to door routing using Divvy, and even better to allow one time use tokens in case I didn‚Äôt bring my fob. It would be awesome if they gave Apple Watch support so I can get route instructions or the nearest station so I don‚Äôt have to pull out my phone in traffic.",snuggles41,5,Surprisingly good!,"{'id': 3599771, 'body': ""Thanks for the feedback! \n\nWe're glad you like the app so far. We've got a lot of improvements coming your way and we'll add your vote for the Apple Watch integration.\n\nHappy riding!\n\nCheers,\nJake & The Divvy App Team"", 'modified': '2018-05-25T17:50:25Z'}"
12,False,2018-07-22 17:47:02,"I still can‚Äôt understand why the favorite stations feature was removed and never re-instated.  It helped frequent users quickly determine if they could go to their usual bike stations or head elsewhere if the racks were full/empty. I would think that Divvy would want to capture data on favorite stations.  If a station was flagged as a favorite by many users, but it was continually full/empty, that may indicate the need for valet services or simply more rack space.",Maggi Suppe,2,Favorite Stations,
13,False,2020-05-25 15:46:11,"I haven‚Äôt had any hiccups with the iPhone app. Works just as intended. The Divvy system is easy to use. But, please please make an Apple Watch app. It would be nice to Divvy to a location, return bike to a local dock, and then run around in the area. I don‚Äôt like running with my phone, especially when running gear doesn‚Äôt have the pockets for it.",liea,5,Where‚Äôs the Apple Watch app?,
14,False,2020-04-01 16:29:04,"So, divvy apparently is lyft now. And apparently the geniuses behind this world class company (*not*) from the bowels of Silicon Valley forgot about the simple issue of account integration... because how could anyone have had a divvy account and a lyft account with different email addresses and contact info?!? What a wild world we live in!? So, now it‚Äôs impossible to sign into this app...

Please fix it, like yesterday. Not sure if you found these developers from Trump‚Äôs COVID response team or what, but the continued failure of Americans to rise to challenges (or a simple app upgrade) is incredibly disappointing.",Eek 134,1,Update fail,
15,False,2019-07-06 19:12:59,I don‚Äôt know what all the hate is about on this app. It worked perfectly for me and my four friends. We were able to easily unlock and ride bikes and it accurately kept our ride time. The bikes are in much better condition than the bike share program in my city. I will definitely use this service every time I visit Chicago.,Ry guy 69,5,Weekend Visitor,
16,False,2019-07-11 23:26:07,"With the migration to the new app divvy logged me (everyone?) out. Awesome surprise to find out on my commute to work. 

I didn‚Äôt remember which email I used form my account and turns out I had 2 accounts for different years I‚Äôve used divvy memberships.
I originally logged in to the new app using my expired account - which doesn‚Äôt have an active membership so that‚Äôs on me.

BUT ... I couldn‚Äôt figure out how log out to sign in with a different email.  This app doesn‚Äôt follow standard patterns like clicking on your avatar.  I deleted the app twice and reinstalled but it remembered my login.  After giving up and getting an Uber, I found the option -  it‚Äôs hidden in lightweight barely readable text on a secondary screen.

Release management matters - wish I had more of a heads up and less friction with the upgrade.",Chicago PM,1,"poor migration from old app, poor UX for account management in the new one",
17,False,2018-10-14 02:02:43,"The app is simple to use and the updates make it better . For the developer, it‚Äôs important to leave feedback on those comments that are concerning just as if they were praises. You won‚Äôt ever get better if you choice to ignore it. There seems to be a lot of customer service related issues ...maybe additional training is needed. Just some advice .",ReneeKIR,4,The importance of Feedback,
18,False,2019-07-24 03:17:33,"I just moved to Chicago this year and was skeptical on how often I would use the divvy bikes. I signed up for the year membership and am I glad! Easily paid for itself. I just took my 100th ride. You can view your stats like mileage, calories burned, and rides took. Highly recommend divvy! The app is super easy and convenient to use.",Russ.23,5,Amazing!,
19,False,2022-11-08 14:35:03,We were in Chicago.  Wanted to rent 2 bikes. Used app for first bike but cannot use app for more than 1 bike. Chatted with help desk. Said to use kiosk.  Did but wasted time on first bike doing all this.  Different prices charged for app rental vs kiosk rental and those prices were not what was advertised on kiosk.  Charged twice as much as we expected.  Called customer service and the guy literally laughed when I expressed frustration about pricing misinformation and differences.  Will delete app once I post review.  Terrible all the way around.,"@$""$@(",1,Terrible app‚Ä¶.read!,
20,False,2022-08-30 04:11:24,"Divvy used to be awesome but Lyft seems to be neglecting it these days. Classic blue bikes falling into disrepair, docks no longer being balanced, and the app has been full of bugs ever since they added scooters. A cynic might suspect they‚Äôre purposely running the bike share service into the ground so that cars are ride sharing looks better in comparison. Lyft step up your game!",wim.glenn,3,Lyft not maintaining it well,
21,False,2018-08-24 00:59:24,"I wanted to use divvy to commute home around rush hour. I check the station almost every day. The stations are always empty. I get a bike at most 1/4 times. 

I complained to customer service many times. All I got were hollow apologies and ‚Äúsorry we can‚Äôt guarantee a bike every time‚Äù. The only thing they offered to do was to end my subscription early with no refund, which was insulting. 

If you want to pay money to a company for nothing in return, get Divvy. Otherwise don‚Äôt waste your time.",bdwain,1,Garbage service from a garbage company,
22,False,2020-01-31 16:52:20,"I love having the access to divvy so close to my house. I do wish the bikes were a little lighter. Going from the bike I own to the divvy bikes I feel like I‚Äôm carrying an extra 30 lbs with me. Also, we need more docks on the lakefront!! We like to bike to the beaches and it‚Äôs nearly impossible to find a dock close and/or with open spaces.",Roroirene,4,Great way to move around town,
23,False,2022-03-21 22:08:56,My friends and I were using the bikes to get to the train station and we couldn‚Äôt dock one of the bikes. We put it in the holder and it didn‚Äôt turn green we couldn‚Äôt like unlock it to retry docking it. We told the customer service and they said it will go down as missing and that it will continue to run for 24 hours. They said they won‚Äôt charge extra but I doubt it. It‚Äôs a terrible idea to ride the bikes. Would not recommend. BYOB - Bring your own bike! Or Run!,Don't use the bikes,1,Terrible,
24,False,2022-01-22 18:59:30,Pls read this before you download this app my friends who live in a more predominantly white neighborhood only gets charged 3.30 to use the bike for 30 minutes where as where I live it cost 3.30 to unlock the bike then an xtra .20 cents PER MINUTE now do remind u most areas are a red zone so it forces you to drive to where u go then to drive back which takes more money I had to pay 10$ + for a 10min ride what should‚Äôve been only about 5$,criticaltyinker,1,App is biased and a con,
25,False,2018-12-17 12:56:39,"This app has only the simplest of features. For instance, it shows the details of ONLY your last ride. To get any more ride history, you have to log onto Divvy using a browser. AND the ride distance data is totally inaccurate, which makes the calorie calculator useless. I prefer the Transit app which allows me to see info about mass transit and ride sharing options, too (and integrate all my accounts with those companies).",ChiBuff,2,Sophomoric and inaccurate,
26,False,2019-07-17 22:31:04,"I‚Äôm a senior citizen with average tech ability. The app was easy to set up and use. After downloading the app, my wife and I were riding bikes within a few minutes. As an added bonus at the end of our ride a summary showed the elapsed time, miles ridden and total cost.",((Laurenn)),5,Great app,
27,False,2018-06-15 17:51:43,"Chicago is the absolute worst place to ride a bike. It‚Äôs illegal to ride on the sidewalk, yet there are no bike lanes and everyone is yelling at you or getting in the way. It‚Äôs totally dangerous and your app shouldn‚Äôt be encouraging people to bike around in such a stressful environment. Not to mention the bikes are huge, heavy, and hard to control. If you‚Äôre going to use Divvy ONLY GO on a LEGITIMATE TRAIL near the lake or through one of the parks.",Maddiebeeeeea,3,Great in theory,
28,False,2018-07-02 23:55:37,"App works well overall and great to have an official app over Transit. Convenient for getting codes and finding nearby station information. Few suggestions below:

-Simple Apple Watch app would be great for generating codes at the nearest station without having to take phone out

-Would be nice to have option to pay to check out a 2nd bike along your annual subscription for when with a friend who may not have the app/account

-Routing information could be improved, not a huge issue but directions from Google Maps are safer/faster but lack the station information",daniel5390,4,Great App Overall,
29,False,2020-12-16 01:47:06,"It lies about the mileage available on the ebikes, and strands you by freezing the ride screen. 
It merges your Lyft account with your Divvy account, and fails to credit you for the membership you paid for. 
It just killed the service without notice for weeks last Summer. 
Customer service is worse than useless. 
The app is optimized to maximize profit, and minimize functionality. 
Lyft took over Divvy to kill the competition from bike shares, providing such dreadful service that frustrated riders give up and take a Lyft. 
But this company just doesn‚Äôt care that its service is dangerous and dysfunctional because it has a monopoly, and makes money no matter how terrible the service.",JECBOY,1,This App Is Dangerous: Use It At Your Risk,
30,False,2020-08-16 23:18:13,"We rented 3 bikes using the kiosk because the app no longer works, apparently. After a 2.5 hour ride, we returned all 3 bikes at the same location at the same time. All 3 bikes locked back into their Divvy rack. Then I get an email saying 1 of the 3 bikes was not returned. Absolutely inaccurate, as we confirmed all 3 bikes were locked back in. I called customer service and was basically told I was wrong, and that I would have to pay for the ‚Äúmissing‚Äù bike.",Mike 10121970,1,Be careful - Divvy tries to accuse you of theft,
31,False,2018-09-21 19:44:23,"DO NOT USE DIVVY. I have used several bike sharing services as well as their apps. Divvy is the absolute worst. The app is not clear, they overcharge and often DOUBLE CHARGE you for rides. Divvy is the worst. Terrible customer service. Divvy bikes are in bad shape and their locks do not work and then they will charge you exorbitant fees and refuse to refund you. Bad service all around. There is a reason their average rating is 2.5 stars. That‚Äôs being generous. Cannot wait until they are replaced.",Joe trust me,1,Garbage service Garbage app,
32,False,2019-07-12 02:56:03,There have been numerous times I‚Äôve been standing at a full divvy station only to revive an error message telling me that no bikes are available. I understand when there are no bikes left at certain stands however not being able to check out a bike due to a simply technical glitch is extremely frustrating.,MJK252525,2,Unreliable,
33,False,2020-07-12 03:30:21,"The information on the app is deliberately vague to trick you into spending more on the bikes than you intend to. The information in the app is also inconsistent with the signs on the street. Then when you call customer support to resolve the issue they are impossible to get anything anywhere with. It took me over an hour. As a whole they are not customer service oriented at all, which is unusual in this day and age. I expect more.",GregDrawsPictures,1,Buyer beware.,
34,False,2019-10-23 15:39:24,I like the app. Why such low reviews. Recent updates made it even better. I like the docking notification. I like the responsiveness. Things can be better but Divvy is a great service for a city like Chicago.,umit10101130,5,What‚Äôs the fuss,
35,False,2022-07-20 23:06:51,Divvy as a service is great. The app however is a joke. It is nearly impossible to rely on the availability they display as often you will arrive  at a station and none of the bikes/scooters showing as available actually can be used. It‚Äôs pretty pathetic that at this point they can‚Äôt accurately show you what is available.,frustrated and likely to quit,1,Horrible App Functionality Recently,
36,False,2020-03-24 22:59:18,"I‚Äôve never wrote a review in my entire life for any industry or anything so when I say I‚Äôm mad I mean it. This app doesn‚Äôt function at all, it deposited my money of course but wouldn‚Äôt allow me to unlock the bike. And what‚Äôs with this ‚Äúone way‚Äù stuff..... MAYBE I want to ride a bike somewhere and come back home without having to dock my bike and re-rent another one. Just awful. If I could give negative stars I would.",jbunce101,1,Not User Friendly,
37,False,2019-04-03 22:24:04,"I bought an annual pass and am waiting for my keycard to arrive in the mail. Supposedly I am able to activate bikes with this app while I wait for the card, but I kept getting error messages. The app also mistakenly believed that bikes were available at the dock closest to my office. The terminal did not recognize the credit card tied to my account. Divvy is unusable until I get my keycard in the mail.",mackong1,1,App doesn‚Äôt work,
38,False,2022-06-30 02:33:49,So the past 2 days the maps portion of the app does not update. It doesnt show where bikes are or what bikes are in the station. It has been frozen. My app is up to date and so is my ios. You can still rent divvys just there is no way to tell if a bike on the sidewalk is there or not. It also looks this same in the Lyft app. I am in Chicago.,seanthemonster,1,6.30 the app is broken,
39,False,2020-07-02 01:30:58,"I moved to Chicago last year and signed up for an annual membership in the fall. I was very happy with the service. Winters are too brutal but come spring I happily used the service again. From what I can tell, Lyft updated the app and my account was deleted. I have reached out 4x over two weeks with no response. I only used half my annual subscription and do not want to risk it again. Buy a bike.",bellacicco,1,Awful,
40,False,2019-12-02 04:45:45,"More stats, even as an option, would be appreciated.

I'd love the option to report issues with a bike: unresponsive braking, gears won't shift, seat issue, etc.

Overall a cool and useful app. I like being able to see the number of available bikes near me.",Femme2Mrbd,3,"More stats, interactivity",
41,False,2019-09-02 15:29:16,"Can whoever made this app also do the Ventra app??

Everything works great. Divvy is an awesome service. 

Sometimes location counts are messed up and dont account broken bikes and broken rack slots.",natedaub,5,Works awesome,
42,False,2019-03-17 04:26:50,"As one simply visiting for the weekend, looking for an alternative to long walls or ride shares, I was excited to see a bike share program. However, having annual membership as the only form of membership through the app is a complete blocker for me. 

As one who has worked in app development, I‚Äôm frankly shocked a ‚Äúpay-as-you-go‚Äù system is not made available. What a waste of an application.",Dissappointed102938,1,Annual Membership only?!!,
43,False,2020-03-05 19:54:58,Easy to use. I appreciate the option to save docks to a favorites list so you can see quickly which have bikes.,Julie Bee 86,5,Easy to use,
44,False,2019-07-28 16:14:07,"I love Divvy-ing all over...when it works. Lately, the kiosks are down more than they are up, bikes don‚Äôt always release, and stations are full with no place to park. Perhaps Chi-town could take a page from Beantown where the kiosks seem to always work, the baskets are great and bikes are in great condition.","K8Mc,",3,Love the Idea,
45,False,2020-04-03 20:08:06,"This app looks like an improvement over the transit app, but I was really hoping for an Apple Watch version. 

I don‚Äôt bring my phone when I‚Äôm out on the beach or running on the path (which hopefully we can do again one day).",Home team fan,3,Need an Apple Watch app!,
46,False,2018-06-12 20:09:00,"Not a bad refresh from all the other apps that used to work with divvy. Since this is first party I‚Äôd love to see more data from past rides!
Love the integration with with HealthKit that‚Äôs a cool idea.",iAmericanBoy,5,Good start,
47,False,2022-05-28 18:09:02,"The service is unreliable. They also don‚Äôt care about customers at all. I got an annual subscription to get free ebikes in designated areas. Suddenly they charged my subscription and now I pay for every ebike ride (but they haven‚Äôt reimbursed my annual subscription fee!). 

Buy a bike. You probably don‚Äôt want to ride bikes with flat tires and no brakes anyway.",Gabriel240194a,1,Terrible. Super expensive.,
48,False,2020-11-29 17:26:33,"I grabbed a bike while my own is in the shop for a repair. I took it out of the zombie to run my errand.I locked it up so it wouldn‚Äôt get stolen. I went to unlock it in order to bring it back to where I got it from. Apparently locking it (so it doesn‚Äôt get stolen) ends the trip and doing so outside the zone renders it unusable. It a stupid, stupid, stupid system.",rorytfenwick,1,Not a good system,
49,False,2018-09-01 23:49:47,When it works it‚Äôs great. Very easy to dock and get a new bike. But about an hr into the day pass the app stopped working and said error every time we tried to get a new bike. There‚Äôs no way to use the kiosk if you bought it on the app either.,asmxy9,3,Crashed,
50,False,2022-06-10 00:11:17,"Spent 45 minutes on hold with support before I gave up. Email support message was ignored for ovwr 48 hours. Now being told to expect a refund in 5-7 business days.

Do not use if you cannot handle large unexpected charges on your account.",____willy______,1,Was charged over $300 because of a ‚Äúbug‚Äù in their system,
51,False,2019-10-28 13:55:27,"Very easy, convenient, and it‚Äôs awesome to not need a physical fob to rent a bike! Only beef is the couple times the app has gone down, preventing me from being able to get home from work. Otherwise, great application.",Ahod13,4,Great App!,
52,False,2019-06-02 03:18:51,"Couldn‚Äôt get the app to process for me to unlock a bike, had to have a friend buy 2 passes so I could ride too. Still got charged for the failed transaction. Emailed customer service and they replied right away, but the entire process was annoying and the bikes aren‚Äôt that great.",LG8893,2,"*When* it works, it‚Äôs okay.",
53,False,2020-02-21 00:43:44,Could you have google maps link to google maps app similar to Lyft and Uber?,Latislov,5,Great- but please sync with google maps,
54,False,2019-04-19 02:24:18,"So I had problems taking off the bike from the dock after I payed for it, and the app didn‚Äôt recognized that I actually wasn‚Äôt able to ride the bike. I wrote them for my problem and had NO response whatsoever. Totally felt robbed. Never gonna use it again ever, dont download it, there are other similar services that are way better.",Juancdiazg,1,No customer service,
55,False,2022-08-16 17:08:17,"I‚Äôve tried to get a scooter now 7 times, and something fails every time preventing me from doing so. The latest is the safety quiz popping up over and over and over and the the scooter not unlocking. 

Divvy was fine before Lyft took it over. Chicagoans deserve better than this crap. 

Disgraceful.",isprainedmyuvula,1,Absolute hot garbage,
56,False,2019-07-13 16:44:58,"This app never worlds for me. It will say error when I try to unlock a bike, when I try to find bikes, and when I enter my card information. I‚Äôm a member and have only been able to ride ONCE, but have been charged multiple times. The codes never work to unlock my bike either. Could be a great idea if they didn‚Äôt mess it up",girl girl,1,Terrible,
57,False,2020-05-15 22:28:12,"In our family 2 out of 3 people don‚Äôt have the app working. It has so many issues: login, then interface, then one phone doesn‚Äôt have a camera, so you can‚Äôt use that phone and got to use 2 accounts on one phone.",divvy user,2,Integration with Lyft ruined Divvy,
58,False,2019-07-31 14:20:06,It‚Äôs always up to date in terms of how many bikes and docking stations are available. Very convenient and easy to unlock a bike.,ejhs27,5,Love the divvy app!,
59,False,2019-08-10 20:38:20,Simple. Decent bikes though they‚Äôre heavy. Wish they did have lockdown. Then (like the redbones in Cincinnati) so that you could make pit stops,VitaminV6,5,Easy,
60,False,2018-07-26 02:46:25,"App is cool and helps find stations/bikes efficiently.  I love how the app records a workout on Apple products, but it doesn‚Äôt keep track of the calories.  It logs as a workout, but all the calories are lost.  Please fix this and the app will be perfect.",Tony Gold Coast,3,So close to being perfect.,
61,False,2020-07-22 14:02:05,"I am disappointed with the app because it does not allow for you to ‚Äúmap‚Äù out a ride. Often I will like to ride to an area, but I cannot find a simple map tool to allow me to see where the closest dock station is OR clear bike-only lanes.",vintagetrouble,2,Navigation tool?,
62,False,2019-05-28 22:41:52,"I love the divvy app. Only problem I see is when I go to ‚ÄúRide History‚Äù it only shows my last trip. Ride history is available on the website, but not on the app.",Johi J.,3,Convenient,
63,False,2022-09-20 03:19:00,"I‚Äôd recommend looking elsewhere if you‚Äôd like a reliable app or mode of transport. The pay stations, bikes, and scooters don‚Äôt work. Don‚Äôt waste your time. Banging your head against the wall would be easier (and less painful) than using this app",alexcarnovale,1,Simply the worst transit app available,
64,False,2021-11-02 02:41:52,"The old divvy app let you save your favorite stations so you could quickly see which stations had bike or docks open. Why did they take that feature away?

Seems like the nes app only wants to give you directions",mac2fxuser,1,Where are my ‚Äúfavorites ‚Äú??,
65,False,2018-07-19 13:38:48,"It‚Äôs a very good app, and it works most of the time. I don‚Äôt know if a more perfect app for the Apple Watch exists, and the fact it‚Äôs still not a part of divvy is just CRAZINESS.  Get off your butts, stop eating ice cream in front of the A/C and get back to work.",K2Kevin,3,It‚Äôs very good,
66,False,2019-08-09 18:55:28,Best way to travel around Chicago and see the city when you‚Äôre not from here.,Jakob Hunter,5,A lot of fun,
67,False,2019-07-22 12:21:01,Functional and convenient technology with reliable hardware = solving social and community problems,N/Aa1,5,Great experience!,
68,False,2019-10-14 02:45:16,"I enjoyed using the actual bike service, but I got charged seven times for four rides, even according to my own ride log. Keep an eye out.",addycarp,3,"Service good, but beware of overcharges",
69,False,2019-04-25 16:49:04,"Sign up was a pain because the app

1) doesn‚Äôt support iOS keychain / suggested passwords. So despite all the crazy rules I had to adhere to, I used an easy to crack password because I had no other way to remember it.

2) doesn‚Äôt support Apple Pay. Ok fine, but you don‚Äôt support iOS credit card auto fill either, so I had to dig out my physical card.

Users shouldn‚Äôt have had to do either of these things for several years now ‚Äî get with the program.",cpcowart,2,Auto completion,
70,False,2021-04-08 22:26:30,Tried to rent a bike and it wouldn‚Äôt unlock. Unable to get support at time and charged my credit card for a maximum ride. Been trying to get ahold of customer service for 2 days and they won‚Äôt respond!!!! Don‚Äôt use.,Justin Rychlewski,1,Terrible customer service,
71,False,2021-07-02 13:41:17,"The app will show that an edivvy is fully charged, but when I go to unlock it, I get an error that says ‚Äúplease use a different bike‚Äù. This usually happens when I lock up and go into a store and come out to use the same bike.",Irishlass6391,1,Doesn‚Äôt unlock bikes,
72,False,2019-06-23 13:48:07,"Absolutely horrible app that left us stranded 2 days in a row. I even had to call customer service, sit on the phone for 30 minutes and they still were telling me they couldn‚Äôt fix the situation. I was also charged for a trip that I couldn‚Äôt take.",JS Chicago,1,Horrible App,
73,False,2018-07-31 12:42:05,"Totally unreliable application. Map frequently does not know your location and therefore won't unlock a bike because it doesn't think you are close enough, or if it does recognize your location, sends you an error message.",Happy to Purchase,1,Highly Problematic,
74,False,2020-10-06 02:06:41,"The app glitched and now says I need to be 16+ to ride, even though I‚Äôm 19. I have attempted to reach Divvy and Lyft for the past 2 weeks with no response, through calling, texting, contacting support, and emailing. Meanwhile, I paid $99 for an annual membership that I am unable to use.",Will Carson.,1,Worst Customer Service I‚Äôve Ever Experienced,
75,False,2019-09-06 20:03:50,"The service is a trash.
I used once and when arrived at the station was full and I need to find another and for 1 minute the divy charged me $6. Yes $6 for one minute. I tried talk with the customer service, but they never reply me. I don‚Äôt recommend and I will never more use it.",UlyssesLouzada,1,Trash and dishonest.,
76,False,2019-08-01 15:51:52,"This app never reflects the correct amount of available bikes at a station. It might show 2 bikes available, but those bikes are flagged for maintenance and unable to use. So basically you just have to walk around and see what is available.",carlie jean v,1,Never accurate,
77,False,2018-06-07 13:16:53,"Tried to select the ‚ÄúSync with Health app‚Äù and it says I need to go into settings to turn it on. When I go into Health settings, Divvy isn‚Äôt there because I need to select it in the app. Seems like something isn‚Äôt right here.",tatrueg,2,Apple Health Broken,
78,False,2020-06-25 16:18:29,"I agree that this new app is now close to impossible for existing users to just sign in, you guys need to fix it instead of just writing ‚Äúthanks for your feedback‚Äù to satisfied users if we‚Äôre paying $100 a year for this.",ktodarling,1,So frustrating,"{'id': 16226415, 'body': 'Hello. Sorry to hear you are having issues with the app. Can you please tell us more details though our contact form here (https://help.divvybikes.com/) so that we can help you fix the problem. Thanks', 'modified': '2020-06-25T23:03:47Z'}"
79,False,2019-07-09 00:37:23,"Data provided by the app is consistently wrong. Bikes at stations when there are not any available- same goes for docks. Stations marked ‚Äúvalet‚Äù never seem
to have an attendant working which makes it increasingly frustrating to try and plan a commute.",Kushmaster420bro,1,Poor App,
80,False,2022-06-28 19:45:19,"Divvy in itself is great but you are 100% at your own risk when it comes to THEIR issues. 

Bike won‚Äôt dock? You‚Äôll still be charged. 

E-Assist makes it harder to pedal? Even as a member we‚Äôre still charging full price. 

You can submit emails and issues but absolutely do not expect to ever been contacted. When Lyft bought Divvy in the fall of 2021, it all took a nosedive.",Jujubearsuk,2,Zero Customer Support,
81,False,2022-06-29 13:51:36,"Pros: qr scanning of bikes very easy

Cons: bike count almost always completely inaccurate. Assume it reflects bikes available at (unreachable) station in alternate universe.",Thunderdrawers,2,Available bike count does not reflect this universe,
82,False,2022-07-15 16:25:45,"The per minute pricing on ebikes is absolutely insane and not worth it. Ordering a Lyft is cheaper in most instances. It‚Äôs almost like that‚Äôs what they want you to do ‚Ä¶.. 

Won‚Äôt use an ebike again until this is fixed.",double-a_b,1,New eBike pricing is a joke,
83,False,2019-07-31 13:47:19,"-Sometimes a red light appears on a mounted bike ,disabling its rental or use .

-Company should seriously has a policy regarding the minimum amount of mounted 
Bikes to be at least 1-2 mounted.",DRAAA21,4,Review,
84,False,2018-07-17 16:13:33,"No way save favorite bike locations...if anyone know how please share.  Divvy staff doesn‚Äôt know how either...two phone calls, one I was supposed to get an email and the other one was told to just ‚Äúreload‚Äù the app which I had already done....",Harried commuter,1,No favorites??  Really?,
85,False,2019-07-01 17:33:36,"Be careful when you buy a single pass as they are use it or lose it within 30 mins of purchase. That isn't mentioned in the app, tough, and customer service is not super friendly or proactive in explaining how that works.",mawzwhitney,1,Baked-in scam mechanics,
86,False,2021-10-26 04:24:38,Absolutely awful bikes and customer service. Might as well walk the whole way than pay to shuttle their crappy bikes around.,i_miss_the_old_fuzzys,1,I‚Äôd rather walk 10 miles than use divvy,
87,False,2020-04-10 17:33:51,Notifications required. Dislike requirement to scan. Poor functionality. As a daily rider this is a huge downgrade. I‚Äôve taken 1000+ rides and immediately deleted this app after first use,:(-------,1,Hate this app,
88,False,2019-06-26 03:12:03,"This app is terrible, full of bugs, and, after the latest experience my fianc√© had with customer service, I‚Äôm reluctant to call them about anything. Save your $$ and put it towards a new bike.",AJL2033,1,Horrible Customer Service,
89,False,2019-08-10 19:49:20,"Great app, but would be useful if riders could reserve a dock near/at their destination when they unlock a bike",first-time-user721,4,Reserve feature?,
90,False,2021-06-24 17:57:52,"The app won‚Äôt unlock bikes. After waiting over two weeks for help, the company‚Äòs only suggestion was to update or reinstall the app. Don‚Äôt waste your money.",Try Beta Testing,1,App won‚Äôt unlock bikes,
91,False,2018-08-03 20:27:33,"So so bad.  Worst experience trying to grab two simple bikes.  If something goes wrong with your bike divvy won‚Äôt help and of course wont refund you.  Lost a few bucks than had to Uber.  

Heads up.  Would never use Divvy again.",Kallenroth,1,Worst experience,
92,False,2020-03-27 10:26:10,"Instead of noticing users to avoid the use of public bikes, taking care of bikes by sanitizing them or warming users of some sort, this company is offering discounts on rides so it can make up for the loss from the current lack of demand.",jay.kim.chicago,1,Irresponsible with respect to COVID-19,
93,False,2019-09-15 00:48:54,Very useful and non buggy,TejaTkw,5,Very useful and non buggy,
94,False,2018-06-09 00:36:49,Errors out when submitting payment with credit card. Divvy rep was at the station and said that there have been many issues. Guided us to use the kiosk instead.,Andrew K 56,1,Doesn‚Äôt work,
95,False,2018-05-27 23:36:18,"Tried to rent a bike, the app worked except it consistently wouldn‚Äôt allow me to put in ANY credit card (so clearly not a problem with the card). Said to talk to customer service without a clear way to do so.",firsttimeuser300000,1,Atrocious App,
96,False,2018-08-17 13:29:16,"Very bad customer service.
Much less quality than other sharing bikes companies in other cities.
Some stations are always empty and they don't add bikes.
Useless in the majority of the time.",pingoman4,1,Bad customer service,
97,False,2018-08-05 03:05:05,The app should let you type in businesses like in google maps. Then show divvy stations around that business. Also the bikes are unbelievably slow. Like shockingly slow.,SWT112233,1,App not great and bikes slow,
98,False,2022-06-29 22:06:48,The app keeps sending me docks without available bikes. I don‚Äôt think it know the difference between a available and non available bike!,FloatableSix,1,Unreliable,
99,False,2019-12-29 16:28:55,So convenient to have in the city! The bikes are very well maintained!,saraweiz,5,Love the Divvy service,
100,False,2019-06-18 18:34:24,Really crappy bikes compared to other big cities. And expensive. Find a local vendor on the beach. Bike is better and cheaper.,Tg54321,2,Expensive-use local beach vendors,
101,False,2019-10-18 12:15:06,The app unlocked the bike seamlessly. Always good when there‚Äôs room to dock.,hufub,5,Divvying,
102,False,2021-07-29 18:55:12,"Like talking to a brick wall. They can‚Äôt help and have no authority to make a decision, and can‚Äôt put you in touch with anyone that does.",Lee Bets,1,Horrible Customer Service,
103,False,2021-06-21 16:16:05,$3 to check a bike out for .5 hour. $2.50 for a bus or train ride no limit unless you change directions.,Unibat,1,Rip off,
104,False,2018-05-23 21:34:29,Same time the divvy app gets updated the transit app stops working for divvy.  Coincidence?  Wouldn't be bad but transit is a great app and divvy has obnoxious banner ads.,Koalabear803,2,Obnoxious ads,"{'id': 3599710, 'body': ""The timing was funny, but yes, it was actually a coincidence. Transit is a valued partner of ours and we look forward to a continued integration with them. Their app is indeed great-- that's a big part of the reason we're so happy with the partnership. We are constantly striving to improve our app so we value your feedback about the in-app sponsorships. Nobody likes ads, but we aim to make them unobtrusive. By your feedback, it sounds like we missed the mark a bit. Thank you again and we'll take this into consideration. \n\nCheers,\nJake & The Divvy App Team"", 'modified': '2018-05-25T17:43:43Z'}"
105,False,2020-06-09 13:51:16,No ability to get directions from current location to Divvy station to docking station and then final destination.,amstutz,1,No route directions,
106,False,2022-03-17 23:54:23,"Unclear instructions for fees, doesn‚Äôt specify when you are being charged for using an e-bike or a regular one. Terrible experience.",camilaosses,1,Really bad service,
107,False,2019-07-09 19:02:13,"Good solid bike. Gear change is amazing smooth, overall 5 stars!",arietta49,5,Divy Bikes Rock!,
108,False,2022-06-29 14:14:46,Very frustrating.,stanfordjack,1,Bikes show available on the app but aren‚Äôt working when you arrive.,
109,False,2021-07-04 14:40:30,"Tried to use Divvy in a pinch.  Got all set up with the app, but when I tried to unlock a bike, NONE of them would release.",les_ras,1,Horrible,
110,False,2019-11-10 19:03:45,what else do you need,ZSuggestion,5,"Great app, great bikes",
111,False,2019-10-16 04:04:20,Thank you. I wish Divvy had bicycles on Clark and Thome Ave.,Maylcol P,5,Great service,
112,False,2021-03-24 20:22:29,Very difficult to get my password reset,BodegaChi,1,Password reset is broken,
113,False,2022-07-30 22:19:01,When I tried to buy this bike for 3 dollars it wouldn‚Äôt work it‚Äôs literally a scam don‚Äôt waste your time,Bruhitz_kevinz,1,Buying at the dock,
114,False,2021-07-31 18:35:17,Try not to use Divvy as much as you can when you are in Chicago...,sinklinia,1,"Poor app design, bad customer service",
115,False,2020-06-18 03:49:21,Why would I ever check out a bike if I can‚Äôt see where I can park it or plan a ride? This is the worst update and literally makes no sense.,Haldkdiwjsh,1,Plan a ride?,
116,False,2019-08-01 23:09:45,Divy you. Divy me. Divy everywhere. I‚Äôm so glad I got my Divy subscription. 5 stars!!!,Divyguy4444555,5,Divy,
117,False,2018-06-07 23:11:24,Would also be nice to get more ride data than just the last one,Munale,1,Apple health integration is broken,
118,False,2020-05-02 19:40:34,The app used to track calories burned. I would appreciate if the develops added that feature back.,TaylorI1991,1,Calorie Counter,
119,False,2019-05-01 22:05:57,The app doesn‚Äôt allow you to rent multiple bikes at the same time.,DanielleLea,1,Only allows one bike purchase,
120,False,2019-08-05 23:30:35,Title,That guy13257,3,Oftentimes needlessly difficult,
121,False,2018-08-30 00:57:13,"Bikes from 5-9pm don‚Äôt exist plan to walk 15 min plus or wait 30 for someone to arrive.

App logs you out on updates which is a pain",Bob6543,1,River north beware,
122,False,2019-09-25 12:26:13,I really like bikes.,J6b,5,Awesome service,
123,False,2019-07-10 22:27:26,Love using Divvy it‚Äôs so convenient.,Murrayrides,5,Murrayrides,
124,False,2018-10-31 19:25:29,Key didn‚Äôt work. Undocking and re-docking didn‚Äôt work. Kiosk didn‚Äôt work. I got charged for all their system mishaps.,Aj013,1,Not worth the hassle,
125,False,2021-12-22 21:16:30,The UI is terrible and hangs.,gusfring@lospolloshermanos,1,Slow app that hangs my phone,
126,False,2022-11-16 23:37:12,Divvy is garbage and the app is useless. Buy 10 bikes and stash them around town. Or just walk it‚Äôs faster,Evil monkey 27,1,Gabage utter garbage,
127,False,2021-09-29 22:20:38,Won‚Äôt send me a forgot password email,Alex1112355256,1,Broken app,
128,False,2018-08-09 12:51:22,"Good app. When connecting to Apple Health, why is Divvy misidentified as Activity and not Cycling?",Pete Mayhem,4,Misreported Health Statistics,
129,False,2018-09-01 22:27:49,Spent 15$ trying to rent 2 bikes for me and my girlfriend codes didnt work twice. Representative told us to walk to another station .5 miles away. DO NOT WASTE MONEY TRYING TO RENT BIKE!!,Kdbzjakfbbzjanfb,1,Passcode doesn‚Äôt work,
130,False,2022-05-11 17:15:58,The app brought me to a link telling me to download the app for a bike.,milo stanley,1,Completely unusable app,
131,False,2019-07-13 22:59:48,Bike counts are not accurate in the app. Had to bike an extra few miles to find a free station.,egl01,1,App is inaccurate,
132,False,2019-04-03 22:27:38,If Chicago has anything other than divvy I would get it but here I am..,ccllkkss,1,Awful,
133,False,2019-06-02 14:14:43,My 1st experience and probably last. Didn‚Äôt work,Byebyegreedy,1,Bike would not undock,
134,False,2018-06-06 21:45:13,The UX in NY is amazing with Apple Pay now this version ‚Äî no comments :(,Vascaino1979,1,Where my Apple Pay button?,
135,False,2020-04-29 01:14:20,I love it!! You should get it!!üòÉüòÉüòÄüòÄüòÉüòÜüòÅüòÄüòÉüòÜüòÄ,Galbert12,5,I love it,
136,False,2022-03-17 23:53:05,Beware of the hidden fees and bikes that don‚Äôt work.,tvscientist,1,Terrible service,
137,False,2018-09-22 18:07:38,Seems all stations I go to never have bikes. What a waste of money...,bobalooandthebigjew,1,Bike stations constantly empty,
138,False,2019-08-02 23:33:48,Codes given in the app don‚Äôt work,StewieGriffin123,1,Codes don‚Äôt work,
139,False,2020-03-01 18:26:06,Love it,DS Podcast Reviews,5,Great,
140,False,2019-07-20 21:42:43,"On too many occasions has my code not opened a bike, I‚Äôm done.",Konradical9922,2,Codes,
141,False,2019-07-11 23:47:53,Poor SERVICE,e4821,1,Terrible,
142,False,2022-07-02 20:24:02,The best way to get robbed in Chicago,610537,1,Lol,
143,False,2019-07-11 21:12:57,Love it!!!,Oluwade,5,Divvy is great!!!,
144,False,2022-10-03 22:47:53,"Have been a Divvy member since 2015. When I first started I didn‚Äôt even use the app ‚Äî just wanted something to speed up the last mile to and from the train to work. If there were bikes in the dock when I looked, I‚Äôd unlock one with my physical keyfob and ride; if not, I wouldn‚Äôt! This app is quite an improvement since then, and I use Divvy much more, being able to plan around availability.  

I‚Äôm pleased that the odd map scrolling bug in the 14.39.42 update was fixed quickly. That made the app really hard to use.  

As for app problems, there are sometimes little glitches such as an e-bike showing on the map when it‚Äôs actually nowhere to be seen, or inaccurate counts of available bikes at a dock. But for the most part it works as it should.  

I haven‚Äôt noticed very many payment oddities, even since the Lyft buyout. A few times recently the app has had trouble authorizing with Apple Pay, but it clears up after a while, and I‚Äôm not sure which party is to blame. I‚Äôve had overbilling happen just a couple of times over the years, but when I‚Äôve called support, they‚Äôve resolved it quickly.",Most_Indubitably_Ted,4,Convenient and works pretty well,
145,False,2022-08-29 20:23:03,First time user I scan the bar code and takes me to Lyft driver app. I use Divvy app and it says there is no internet connection. I ask people around and absolutely no one knows how to rent a bike.,green swann,1,No clue,
146,False,2021-09-24 00:55:49,"I spent half an hour trying to get the app to work, i would not receive any code. I even searched it up to make sure I‚Äôm doing things correctly and it didn‚Äôt make a difference. A waste of time",nejastquvshs,1,Could not get a bike,
147,False,2021-08-17 16:24:18,I can only get to the second screen of the introduction. Really disappointed because I‚Äôm  also having problem the stand with getting the code to work.,French street,1,Can‚Äôt get in,
148,False,2021-06-30 01:35:16,"I purchased a full day $15 pass off my credit card. I was able to use the code provided to me only once. Every time I docked the bike, I was no longer able to use the code provided and was told to scan the QR code instead. This is where the issue came into play. Apparently, every time I scan with my phone, it was accruing a whole different payment method. So not only was I charged $15 off my credit card, I was also charged $15-16 additional dollars from the app. Needless to say with the $25 hold, my few hours of riding cost me well over $50.

I reached out to customer service. Entering into day 6, I heard nothing else from them regarding my refund, which is why I‚Äôm leaving this review. Know what your doing before renting these bikes. I‚Äôll walk to where I‚Äôm going before ever considering renting from them again.",yoyo yoski yolanda,1,Watch your bank statement,
149,False,2019-07-15 02:11:30,"We got two 30 min passes, got to a station with 3 bikes and only one was able to be taken out, biked to a different station and code wouldn‚Äôt work. Would never use again and reading the other reviews I‚Äôm scared to check my bank account.",oceanjelly,1,Terrible,
150,False,2019-06-18 23:54:32,"Your app is NOT showing racks or bikes available as of 6/18. Crazy frustrating since it happened twice and I missed my evening Metra train not having a bike. (On iOS 12.3.1, iPhone 7 Plus). 

I‚Äôve emailed support a bunch of screenshots. Please show QA and have engineers fix, this is super frustrating to users who use the app to unlock bikes with a paid, yearly plan that‚Äôs up to date. 

Warning to potential users - don‚Äôt buy a yearly membership until this is fixed.",Standup_Sitdown,1,12.15.0 is Broken,
151,False,2019-06-18 23:12:52,"I tried to filter on favorites and not only did it not work, but I couldn‚Äôt take the filter off. Made the app unusable. Also for divvy pass holders you can‚Äôt use the app to generate a ride code. Needs some work.",e@.s,1,Favorited don‚Äôt work,
152,False,2019-06-18 17:05:54,Charged me twice while not sending the code,et470,1,Trash app,
153,False,2018-08-19 12:08:55,Ever since the last update of the divvy app my current location is always off which doesn‚Äôt allow me to unlock a bike when I‚Äôm at a dock station but the app shows me not close enough to get a code to unlock a bike.,mlhdlkjn,1,GPS location,
154,False,2018-09-28 15:22:33,"Divvy is a bike sharing service to get you from point A to point B. The bikes are slow and heavy because they have to be durable enough to withstand all the idiots out there that abuse them. And speaking of idiots, giving the app one star because it doesn‚Äôt have one feature you like such as keeping track of your favorite docks? If you can‚Äôt figure out how to find a dock without that, you probably shouldn‚Äôt be riding a bike in the city. One star for not adequately tracking the calories you burn? Come on. Buy a Fitbit if you want to know that. The purpose of the app is to help you find an available bike nearby and access it using a code, and it works very well at doing that. It runs off the GPS on your phone, so if the location isn‚Äôt accurate, blame your cell service, not the Divvy app. The app is also not responsible for the traffic in Chicago that makes it difficult for you to get around on a bike.  It‚Äôs much easier to get around on a bike than a car in many cases, and much cheaper than Uber.",liquidcourage,5,"Divvy app works great for me, why so many negative reviews?",
155,False,2018-05-29 02:15:43,"Yes, I said it twice.

I registered on the app but the app says incorrect/ email not recognized.

I asked for a discount code and they sent a discount code which expired in December, 2017!

Some of the touch screens in town don‚Äôt work. Some of the bikes can‚Äôt be taken out of the lock.",AbJain89,1,Broken! Broken!!!,
